week_start,curtailed_mwh_national
2021-10-25,30.0
2021-11-01,2585.0
2021-11-08,5.0
2021-11-15,17914.0
2021-11-22,1150.0
2021-11-29,17297.0
2021-12-06,3997.0
2021-12-13,4022.0
2021-12-27,5730.0
2022-01-03,1804.0
2022-01-10,14688.75
2022-01-17,7939.42
2022-01-24,62790.24
2022-01-31,283351.0
2022-02-07,203716.75
2022-02-14,269904.0
2022-02-21,185812.0
2022-02-28,962.0
2022-03-07,164324.25
2022-03-14,97271.25
2022-03-21,6876.0
2022-03-28,157602.25
2022-04-04,260642.75
2022-04-11,27789.0
2022-04-18,65265.5
2022-04-25,1508.0
2022-05-09,109792.16
2022-05-16,17146.0
2022-05-23,188592.21
2022-05-30,600.0
2022-06-06,23595.25
2022-06-13,19255.0
2022-06-20,24920.5
2022-06-27,17810.5
2022-07-04,89461.0
2022-07-11,7713.0
2022-07-18,13383.25
2022-07-25,4977.75
2022-08-01,5174.5
2022-08-08,3945.0
2022-08-15,424.5
2022-08-29,16140.25
2022-09-05,25942.0
2022-09-12,138190.0
2022-09-19,11577.75
2022-09-26,41087.75
2022-10-03,180853.5
2022-10-10,44955.0
2022-10-17,60232.0
2022-10-24,39820.25
2022-10-31,217538.75
2022-11-07,135455.5
2022-11-14,183874.6
2022-11-21,47077.75
2022-11-28,74474.25
2022-12-05,9820.85
2022-12-12,44857.25
2022-12-19,79400.0
2022-12-26,194294.25
2023-01-02,174098.5
2023-01-09,320700.75
2023-01-16,92173.75
2023-01-23,141544.5
2023-01-30,488942.75
2023-02-06,141249.25
2023-02-13,226412.75
2023-02-20,175862.25
2023-02-27,85290.0
2023-03-06,172478.25
2023-03-13,187305.5
2023-03-20,234676.5
2023-03-27,131172.75
2023-04-03,21807.5
2023-04-10,99313.5
2023-04-17,279539.75
2023-04-24,144092.0
2023-05-01,108305.75
2023-05-08,96473.75
2023-05-15,110820.7
2023-05-22,75770.04
2023-05-29,52015.5
2023-06-05,72944.25
2023-06-12,29298.0
2023-06-19,4027.5
2023-06-26,171801.75
2023-07-03,150693.32
2023-07-10,127507.25
2023-07-17,80952.25
2023-07-24,52330.75
2023-07-31,52119.75
2023-08-07,224615.75
2023-08-14,2672.5
2023-08-21,3899.17
2023-08-28,455.0
2023-09-04,5691.75
2023-09-11,20792.58
2023-09-18,322060.37
2023-09-25,31587.75
2023-10-02,386362.49
2023-10-09,361871.84
2023-10-16,271217.26
2023-10-23,43730.2
2023-10-30,142932.75
2023-11-06,72460.43
2023-11-13,102987.15
2023-11-20,327684.0
2023-11-27,20178.75
2023-12-04,8173.25
2023-12-11,250018.01
2023-12-18,216298.54
2023-12-25,98832.5
2024-01-01,9793.75
2024-01-08,185325.66
2024-01-15,253802.79
2024-01-22,382760.9
2024-01-29,369156.28
2024-02-05,141489.75
2024-02-12,39649.56
2024-02-19,129768.27
2024-02-26,35062.75
2024-03-04,84826.09
2024-03-11,63009.88
2024-03-18,19807.24
2024-03-25,77568.71
2024-04-01,74864.5
2024-04-08,199569.01
2024-04-15,46853.82
2024-04-22,52712.5
2024-04-29,159286.63
2024-05-06,22350.0
2024-05-13,526070.84
2024-05-20,133834.5
2024-05-27,35533.5
2024-06-03,91343.57
2024-06-10,67292.16
2024-06-17,40999.3
2024-06-24,20930.5
2024-07-01,113781.79
2024-07-08,40106.09
2024-07-15,25487.4
2024-07-22,10129.17
2024-07-29,22894.24
2024-08-05,57084.75
2024-08-12,41579.25
2024-08-19,112089.12
2024-08-26,49588.56
2024-09-02,268001.02
2024-09-09,126082.36
2024-09-16,38790.49
2024-09-23,149706.27
2024-09-30,184943.3
2024-10-07,187213.5
2024-10-14,277127.36
2024-10-21,38332.19
2024-10-28,123134.69
2024-11-04,62.5
2024-11-11,215514.47
2024-11-18,210995.73
2024-11-25,206705.32
2024-12-02,73551.52
2024-12-09,275369.66
2024-12-16,495678.45
2024-12-23,176496.94
2024-12-30,437726.73
2025-01-06,308319.67
2025-01-13,51832.3
2025-01-20,153637.51
2025-01-27,78279.54
2025-02-03,114042.84
2025-02-10,223408.98
2025-02-17,93698.41
2025-02-24,6327.76
2025-03-03,128294.52
2025-03-10,6740.25
2025-03-17,192723.5
2025-03-24,73153.97
2025-03-31,16209.5
2025-04-07,110375.45
2025-04-14,99712.49
2025-04-21,37026.2
2025-04-28,31935.0
2025-05-05,16543.61
2025-05-12,14236.01
2025-05-19,139821.51
2025-05-26,69324.73
2025-06-02,34510.34
2025-06-09,135762.31
2025-06-16,42659.9
2025-06-23,226871.59
2025-06-30,135477.31
2025-07-07,19224.21
2025-07-14,23834.23
2025-07-21,19667.12
2025-07-28,26956.7
2025-08-04,80365.71
2025-08-11,71239.63
2025-08-18,67155.81
2025-08-25,52423.95
2025-09-01,81837.1
2025-09-08,56173.46
2025-09-15,252751.3
2025-09-22,136898.68
2025-09-29,157521.32
2025-10-06,72909.27
2025-10-13,40935.92
2025-10-20,374791.52
2025-10-27,232438.38
2025-11-03,128520.67
2025-11-10,196466.72999999998
2025-11-17,98950.43
2025-11-24,119367.54000000001
2025-12-01,79388.09
2025-12-08,192854.52
2025-12-15,92288.67
2025-12-22,55333.45
2025-12-29,468748.02
2026-01-05,145314.19
2026-01-12,75898.76
2026-01-19,126399.09999999999
2026-01-26,116069.6
2026-02-02,96660.27
2026-02-09,14403.33
2026-02-16,61798.68
2026-02-23,87843.42
2026-03-02,64249.81
2026-03-09,201549.93
2026-03-16,24381.25
2026-03-23,236282.58000000002
2026-03-30,132248.21
2026-04-06,107927.77
2026-04-13,63729.6
2026-04-20,171067.89
2026-04-27,68259.08
2026-05-04,36525.5
2026-05-11,50502.06
2026-05-18,48020.01
2026-05-25,112212.6
2026-06-01,60751.9
2026-06-08,207669.88
2026-06-15,141279.05
2026-06-22,120884.81
2026-06-29,249757.31
2026-07-06,243371.04
2026-07-13,69625.77
2026-07-20,97519.79
2026-07-27,54353.34
2026-08-03,96864.0
2026-08-10,128954.19
2026-08-17,22586.48
2026-08-24,174812.51
2026-08-31,304267.32
2026-09-07,68595.32
